{
  "id": "1942438",
  "name": "test",
  "font_family": "iconfont",
  "css_prefix_text": "icon",
  "description": "练习使用",
  "glyphs": [
    {
      "icon_id": "11474331",
      "name": "rising",
      "font_class": "rising",
      "unicode": "e703",
      "unicode_decimal": 59139
    },
    {
      "icon_id": "11488039",
      "name": "falling",
      "font_class": "falling",
      "unicode": "e750",
      "unicode_decimal": 59216
    },
    {
      "icon_id": "11488063",
      "name": "left arrow",
      "font_class": "leftarrow",
      "unicode": "e755",
      "unicode_decimal": 59221
    },
    {
      "icon_id": "11488115",
      "name": "Right arrow",
      "font_class": "Rightarrow",
      "unicode": "e761",
      "unicode_decimal": 59233
    }
  ]
}
